{"accuracy": 0.6833333333333333, "precision": 0.7142857142857143, "recall": 0.6451612903225806}