{"accuracy": 0.7, "precision": 0.7142857142857143, "recall": 0.6666666666666666}